iteration,cost
1,4.863255
2,4.862827
3,4.862381
4,4.862172
5,4.862094
6,4.861656
7,4.861497
8,4.861542
